Date,Open,High,Low,Close,Volume
2/2/2015,458.024994,459.950012,452.850006,454.024994,8824550
2/3/2015,456.600006,470.424988,456.600006,468.799988,7814040
2/4/2015,469.549988,471.899994,462.950012,464.399994,6433654
2/5/2015,468,469.950012,458.799988,461.850006,5653156
2/6/2015,462.049988,465,451.5,454.950012,4135456
2/9/2015,450.600006,459,446,448.350006,4041210
2/10/2015,449,452.25,430.649994,441,6240782
2/11/2015,443,452.375,441.5,450.350006,4471548
2/12/2015,454,456.975006,443.625,454.575012,3981748
2/13/2015,457,460.399994,454.524994,458.75,3380142
2/16/2015,459.350006,462.100006,450,451.399994,5607922
2/18/2015,450,454,447.200012,450.825012,4496248
2/19/2015,453.475006,453.799988,443.774994,451.024994,4366230
2/20/2015,447.625,448,435.649994,436.549988,8556874
2/23/2015,434.975006,438.375,423.549988,425.725006,6448086
2/24/2015,427.125,428.399994,418.5,420.725006,9118740
2/25/2015,424.399994,428.25,420.524994,421.575012,6982812
2/26/2015,423.049988,425,418.299988,421,9810676
2/27/2015,423.774994,430.5,422.299988,427.774994,8530440
2/28/2015,null,null,null,null,null
3/2/2015,434.5,437.75,427.774994,432.125,6665262
3/3/2015,434.5,453.225006,433.700012,450.399994,9434508
3/4/2015,453,454.825012,440.024994,443.924988,6617962
3/5/2015,446.25,449.375,439.075012,442.475006,4899316
3/9/2015,442.549988,445.875,432.075012,434.825012,6430224
3/10/2015,434.475006,437.899994,427.700012,429.575012,6964500
3/11/2015,430.475006,434.799988,426.200012,427.975006,5319530
3/12/2015,429,433.700012,427.799988,431.899994,5386508
3/13/2015,434.5,434.799988,423.5,425.049988,5913976
3/16/2015,425.75,426.975006,420.149994,421.049988,6327178
3/17/2015,425.274994,429.950012,420.5,428.424988,8718200
3/18/2015,428.5,436.125,427.350006,434.325012,4237880
3/19/2015,437.774994,438.350006,427.049988,428.075012,6370436
3/20/2015,428.950012,430.575012,424.299988,427.049988,4757144
3/23/2015,428.25,432,419.049988,420.975006,6058224
3/24/2015,421.049988,427.149994,421.049988,423.975006,4223500
3/25/2015,424.5,424.75,420.5,422.450012,4692786
3/26/2015,420.549988,424.625,412.049988,414.649994,9427386
3/27/2015,416.950012,417.5,400.725006,405.850006,10664284
3/30/2015,408.299988,408.850006,398.225006,405.375,7922962
3/31/2015,409,416.450012,409,413,9250942
4/1/2015,412.450012,419.5,406.549988,418.024994,6669386
4/6/2015,418,419,410.700012,412.325012,5638734
4/7/2015,413.024994,418.049988,413.024994,416.424988,9726422
4/8/2015,416.75,434.75,416.450012,432.950012,11347420
4/9/2015,432.75,449.5,429.399994,447.549988,12469862
4/10/2015,447.475006,454.399994,444.549988,452.174988,11576924
4/13/2015,453.399994,462.375,449.375,461.25,9224402
4/15/2015,460.5,469.799988,453.600006,461.825012,10163386
4/16/2015,462.25,469,459.5,464.174988,9224384
4/17/2015,467.524994,472.149994,461.299988,463.424988,10953102
4/20/2015,468.649994,468.725006,439.25,442.825012,17202330
4/21/2015,445.075012,447.75,436.225006,438.225006,8095048
4/22/2015,440.950012,443.375,433.5,439.875,6748376
4/23/2015,441.924988,444.700012,434.524994,438.524994,6097602
4/24/2015,438.5,442.225006,434.325012,439.450012,5810518
4/27/2015,440.024994,443.75,435.725006,437.649994,5048454
4/28/2015,437.350006,441,429.274994,432.600006,6714572
4/29/2015,431,435.274994,423.700012,425,7492024
4/30/2015,425,432.950012,423.975006,431.174988,15910372
5/4/2015,433.100006,446.950012,430.25,445.475006,6893384
5/5/2015,446.850006,450.899994,442.549988,446.075012,8158936
5/6/2015,445,448.375,436,440.125,10257994
5/7/2015,437.5,439.225006,430,435.375,7650924
5/8/2015,435.5,446.875,430.549988,444.850006,7819576
5/11/2015,446.424988,449.725006,441.700012,447.975006,6498166
5/12/2015,447.450012,447.450012,432.575012,434.350006,7611912
5/13/2015,436.674988,444.325012,428.600006,442.549988,7635334
5/14/2015,443,443.100006,435.149994,439.100006,5636730
5/15/2015,440.950012,443.475006,435.049988,436.975006,3808980
5/18/2015,437.450012,447,436.100006,445.774994,4501964
5/19/2015,445.625,452.375,443.299988,447.774994,6634872
5/20/2015,450.200012,455.5,448.850006,454.424988,3981412
5/21/2015,455.625,457.700012,447.049988,448.375,4918892
5/22/2015,448.5,452.799988,448.5,451.924988,3816904
5/25/2015,450,454,446.174988,447.25,3025224
5/26/2015,447.5,448,441.350006,442.299988,4347766
5/27/2015,443,445.450012,440.100006,442.649994,3693098
5/28/2015,442.924988,447.125,436,437.899994,12132678
5/29/2015,439.950012,443.225006,436.549988,438.5,13384696
6/1/2015,440,452.450012,439,451.125,8958164
6/2/2015,452.875,459.399994,445.725006,449.325012,9225142
6/3/2015,449.5,455.225006,444.25,448.174988,7107236
6/4/2015,452.100006,458.100006,446.274994,456.350006,7283298
6/5/2015,454.950012,458.475006,452.225006,453.875,5973490
6/8/2015,453.399994,455,441.549988,442.725006,4958862
6/9/2015,441.774994,445.325012,438.674988,441.850006,4184606
6/10/2015,443,454.950012,442.5,452.899994,6176034
6/11/2015,453,454.75,436.825012,438.575012,6709574
6/12/2015,439.5,446.350006,439.125,444.924988,9849112
6/15/2015,447.450012,452.5,445,450.875,5878506
6/16/2015,449.5,452.5,446.600006,451.975006,6368010
6/17/2015,452.524994,471.174988,447,465.600006,11992678
6/18/2015,466.274994,491,466.25,489.475006,22568840
6/19/2015,491.25,503.200012,491.25,498.325012,20897502
6/22/2015,498.475006,504.350006,493.25,495.850006,8866370
6/23/2015,496.325012,501.350006,495.5,497.5,7318090
6/24/2015,497.5,503.225006,493.325012,495.450012,8504668
6/25/2015,493.5,504.5,492.5,502.274994,12423550
6/26/2015,499.950012,507.049988,497.700012,500.350006,9585314
6/29/2015,493.950012,496.924988,486,495.424988,9220564
6/30/2015,494.950012,501.424988,494,500.049988,10599340
7/1/2015,500.5,505.225006,500.5,502.825012,6777156
7/2/2015,504.5,509.875,503.549988,505.424988,7283210
7/3/2015,504.875,506.899994,501.524994,503.600006,6323112
7/6/2015,498.049988,509.450012,497.600006,507.774994,5594680
7/7/2015,505.5,508.299988,500,501.625,5163694
7/8/2015,497.924988,504.350006,495.825012,498.299988,6944656
7/9/2015,498,500.5,491.575012,493.700012,7427064
7/10/2015,495.549988,502,495.125,500.899994,7365212
7/13/2015,500.899994,506.25,497.575012,503.5,4507774
7/14/2015,504.450012,505.75,497.600006,498.899994,4545572
7/15/2015,499.875,507.200012,499.774994,505.575012,6186792
7/16/2015,506,513.900024,505.575012,511.850006,6790884
7/17/2015,512.625,515.575012,509,510.850006,4660876
7/20/2015,513.900024,514.974976,508.950012,512.375,2902254
7/21/2015,514,514.224976,501.375,503.899994,3622284
7/22/2015,502.5,526.974976,502.299988,525.200012,7913294
7/23/2015,526.75,533.924988,520.599976,522.650024,8522914
7/24/2015,524,524.825012,510.549988,512.525024,5988726
7/27/2015,512.450012,514.950012,500.875,502.674988,9197526
7/28/2015,504.149994,508.350006,500.049988,505.125,6118202
7/29/2015,504.75,506.350006,496.049988,498,6761866
7/30/2015,500.049988,504,496.149994,500.075012,5349408
7/31/2015,500,503.950012,495,500.924988,7604624
8/3/2015,500.5,506.924988,499.700012,501.225006,4520364
8/4/2015,501.700012,502.825012,490,494,5489138
8/5/2015,494.125,500.399994,492.049988,493.875,6558056
8/6/2015,495.5,496,488.75,489.475006,3981022
8/7/2015,489.5,497,488.575012,492.174988,3935694
8/10/2015,492.25,494.399994,482.25,484.450012,4246570
8/11/2015,485.5,486.825012,479,483,4005904
8/12/2015,481.799988,483,470.274994,471.450012,4411804
8/13/2015,473.5,476.975006,464.700012,466.674988,4270094
8/14/2015,470.125,486,467.149994,483.475006,5824010
8/17/2015,483,483,473.024994,475.350006,4963652
8/18/2015,478,478,471.100006,472.049988,3031166
8/19/2015,472,480.5,469.725006,477.299988,4058402
8/20/2015,479.975006,479.975006,456.875,458.149994,8689858
8/21/2015,455,455.950012,448.5,453.975006,9166424
8/24/2015,440,440,409,414.774994,16291446
8/25/2015,420.424988,430.325012,411.600006,424.075012,22631686
8/26/2015,423.899994,437.399994,420,426.700012,8665824
8/27/2015,433.399994,440.625,428.524994,434.575012,12342370
8/28/2015,437.5,441.5,433.049988,436.200012,4923780
8/31/2015,436.424988,436.424988,426.899994,427.950012,9467432
9/1/2015,426.950012,426.950012,417.549988,419.924988,9895684
9/2/2015,425,428.549988,421.299988,424.774994,8984402
9/3/2015,427.024994,430.375,422.200012,426.924988,5330550
9/4/2015,424.850006,424.850006,412.549988,417.950012,7406072
9/7/2015,419.125,422,413.850006,416.600006,4678930
9/8/2015,418,426.475006,412.549988,424.299988,5897660
9/9/2015,430.5,439.350006,425.25,437.024994,7927582
9/10/2015,430.5,435.25,427.75,433.5,5062846
9/11/2015,436,438.049988,428.100006,430.475006,4861888
9/14/2015,430.875,432.850006,425.950012,431.924988,3640906
9/15/2015,431,435,427.799988,433.5,5261888
9/16/2015,436.049988,438.674988,432.600006,436.274994,6137372
9/18/2015,439.225006,449.75,438.575012,447.700012,15663184
9/21/2015,440,444.100006,438.024994,439.049988,5820728
9/22/2015,440,442.450012,422.25,423.950012,7198324
9/23/2015,421.5,428.399994,420,425.174988,6958648
9/24/2015,424,424,417.375,418.674988,13293018
9/28/2015,419.899994,420.450012,414.350006,417.125,5314394
9/29/2015,415,425.125,413.049988,420.375,7247674
9/30/2015,425.5,432.399994,419.25,431.149994,7905330
10/1/2015,436.975006,436.975006,429.299988,432.350006,3960612
10/5/2015,431.399994,445,430.924988,444,7321708
10/6/2015,447.825012,450.25,442.875,449.024994,5636996
10/7/2015,447.350006,459.024994,445.5,456.899994,5264358
10/8/2015,457.450012,457.450012,443.125,444.549988,4915978
10/9/2015,447.024994,452.725006,440.75,443.674988,4264390
10/12/2015,444,450.799988,444,445.875,2840098
10/13/2015,442.524994,448.149994,441.450012,446.799988,2817316
10/14/2015,447.899994,452.5,446.975006,451.475006,3658514
10/15/2015,453.850006,455.5,450.049988,451.850006,4136660
10/16/2015,452.25,457.399994,451.850006,457.399994,6970386
10/19/2015,470.5,482.75,470.5,481.75,15317750
10/20/2015,482.5,483.350006,476.5,478.350006,8271006
10/21/2015,477.75,487.399994,476.5,477.5,6585230
10/23/2015,481.975006,486.524994,470.575012,477.825012,5556136
10/26/2015,480.950012,481.5,470.649994,471.424988,5000840
10/27/2015,469.399994,474.125,468.700012,469.774994,5303952
10/28/2015,468.450012,472.450012,464.950012,468.475006,5467128
10/29/2015,468,472.5,467.475006,470.5,6071344
10/30/2015,471.049988,477.950012,470.049988,473.850006,6110650
11/2/2015,474.5,480.75,472.600006,479.899994,3301676
11/3/2015,481.625,485.225006,480.625,483.600006,5199592
11/4/2015,484,487.5,473.100006,475.649994,4586836
11/5/2015,474.5,475.5,466.5,468.299988,4922518
11/6/2015,469.725006,477.375,468.950012,476.200012,3825198
11/9/2015,466.75,482.5,461.725006,480.625,7786320
11/10/2015,478.5,479.75,458.149994,461.375,5251122
11/13/2015,457.524994,469.274994,457.25,466.524994,6255098
11/16/2015,463,471,462.375,467.149994,7015926
11/17/2015,469.024994,469.450012,463.100006,463.875,3926210
11/18/2015,463.799988,465.649994,454.975006,456,5142766
11/19/2015,459.450012,469.350006,458.625,467.375,5569752
11/20/2015,467,476.399994,462.774994,473.424988,5167930
11/23/2015,475,478.950012,473.100006,476.875,4800026
11/24/2015,476.5,485.799988,475.524994,483.850006,6768886
11/26/2015,485.5,495.975006,484.125,494.325012,10883224
11/27/2015,494.5,496.25,487.049988,489.524994,4979394
11/30/2015,489.25,492.200012,481.149994,483.549988,13678054
12/1/2015,482,489.399994,480.625,482.950012,5934650
12/2/2015,483.125,489.850006,482.25,488.975006,3462408
12/3/2015,487.450012,494.475006,487.049988,488.600006,5194048
12/4/2015,486.149994,488.100006,480.700012,482.725006,6146002
12/7/2015,482.725006,486.5,474.875,476.024994,6621556
12/8/2015,474.450012,476.799988,468.049988,470.450012,3443452
12/9/2015,468.100006,471.725006,456.424988,457.950012,4194236
12/10/2015,461.25,476.899994,460,475.174988,8499730
12/11/2015,475.875,479.5,471.450012,476.475006,8300090
12/14/2015,473.799988,481.75,473,477.549988,4829460
12/15/2015,478.5,488.975006,476.825012,487.950012,7186122
12/16/2015,487.950012,493.774994,486.75,489.325012,5530496
12/17/2015,490.024994,507.5,489,504.850006,8854870
12/18/2015,501.899994,504.5,495,495.950012,7322040
12/21/2015,493.950012,499.5,492.174988,496.049988,5637670
12/22/2015,496.399994,501.299988,492,493.649994,5293656
12/23/2015,495.899994,503.450012,495,501.899994,5906346
12/24/2015,501.950012,503.600006,498.149994,500.274994,5441138
12/28/2015,500.299988,506.875,500,505.200012,5891016
12/29/2015,505.200012,509.350006,503.575012,507.700012,6818120
12/30/2015,507.5,508,501,502.25,3726642
12/31/2015,501.700012,509.850006,499.549988,507.299988,8450132
1/1/2016,504.899994,509.450012,504.100006,507.674988,2476270
1/4/2016,502.5,506.899994,493.350006,497.649994,13793142
1/5/2016,500.149994,505,498.5,502.575012,6832918
1/6/2016,503.799988,519.200012,500.200012,516.099976,12233710
1/7/2016,510.524994,514,504.024994,506.625,9024438
1/8/2016,510,516.450012,508.350006,512.875,9743678
1/11/2016,507.975006,530.400024,505.5,525.799988,13265342
1/12/2016,527.5,532.700012,520.549988,522.724976,10685522
1/13/2016,526.549988,544.875,523.599976,538.424988,32825622
1/14/2016,531.924988,540.5,526.525024,530.825012,12719826
1/15/2016,534.875,544.75,532.799988,536.650024,13151450
1/18/2016,537.5,541.974976,504.049988,508.424988,12459918
1/19/2016,514.5,524.900024,507.049988,521.799988,9824192
1/20/2016,517.450012,517.450012,495,502.274994,20624706
1/21/2016,508.774994,512.875,488.350006,492.100006,14523544
1/22/2016,497.024994,505.5,497.024994,502.075012,10826910
1/25/2016,505,509.375,500,501.975006,5988680
1/27/2016,504.049988,505,498.475006,499.674988,7886590
1/28/2016,500.5,510.899994,498.549988,508.450012,10548946
1/29/2016,509.475006,520,509,517.700012,8767154
2/1/2016,519.974976,520.900024,512.775024,515.150024,4534546
2/2/2016,515.150024,516.400024,495.25,500.575012,6752932
2/3/2016,494,497,487.5,490.700012,7173616
2/4/2016,494,500.5,482.850006,486.524994,8322158
2/5/2016,489.549988,491,480.700012,485.450012,9599764
2/8/2016,485.549988,492.399994,478.975006,480.524994,5521706
2/9/2016,476.450012,484.399994,475,478.75,8962058
2/10/2016,475.850006,486.5,474.325012,481.325012,7718500
2/11/2016,481.424988,482.975006,457.75,462.274994,7824326
2/12/2016,466.950012,466.950012,444.049988,453.274994,13403870
2/15/2016,459,475.674988,459,473.375,8815778
2/16/2016,475.549988,479,463.5,465.274994,5954526
2/17/2016,467.549988,478.725006,458.200012,476.299988,7059664
2/18/2016,481.475006,484.350006,468,470.049988,6598322
2/19/2016,470,476.375,468.674988,472.174988,4679328
2/22/2016,472.049988,484.149994,472.049988,481.149994,5838396
2/23/2016,481.549988,483.600006,471.375,474.825012,8681492
2/24/2016,472.450012,479.274994,471,476.325012,6942622
2/25/2016,477.100006,478.274994,470.424988,472.049988,11350050
2/26/2016,476.5,479.375,472.149994,475.174988,3817066
2/29/2016,475.649994,497.299988,467.5,483.325012,14186948
3/1/2016,482.350006,492.524994,482.325012,490.649994,7521846
3/2/2016,496.450012,502.875,493.625,500.75,9191772
3/3/2016,505,509,498.75,506.424988,7260012
3/4/2016,507,507.5,501.75,503.200012,4108856
3/8/2016,503.75,515.450012,503.75,513.5,6045108
3/9/2016,510,521.950012,509.299988,520.849976,5419662
3/10/2016,521.025024,522.950012,504.5,505.875,9466248
3/11/2016,507.450012,514.775024,505.299988,507.25,7003352
3/14/2016,509.549988,513.200012,506.475006,509.875,5431180
3/15/2016,512,513.924988,507.549988,510.25,4794664
3/16/2016,510.5,512.900024,502.725006,510.875,5058148
3/17/2016,513.5,518.450012,506,508,7695480
3/18/2016,509.125,515.075012,507.850006,513.599976,6414492
3/21/2016,513.974976,520.75,511.375,518.650024,5809704
3/22/2016,518.5,526.125,517.825012,523.924988,7009934
3/23/2016,523.450012,523.450012,511.200012,514.599976,7683308
3/28/2016,515,515.849976,507.825012,510.200012,8261106
3/29/2016,511.899994,521,510.100006,518.125,7255802
3/30/2016,521.349976,525.875,521.349976,523.525024,6607560
3/31/2016,520.5,528,516.349976,522.599976,14095970
4/1/2016,519.549988,523.150024,512.5,517.224976,5660230
4/4/2016,520,521.099976,512.650024,517.525024,3946520
4/5/2016,515.674988,521.200012,511.100006,513.474976,4690296
4/6/2016,516.049988,518.349976,511.299988,516.875,3195950
4/7/2016,517.450012,524,511.049988,518.625,4018110
4/8/2016,517.950012,527.224976,515.599976,518.174988,6131402
4/11/2016,518.5,522.75,516.5,520.150024,4712636
4/12/2016,520.150024,528.724976,519.025024,523.700012,5104198
4/13/2016,526.275024,534.950012,526.275024,533.025024,7332282
4/18/2016,532.900024,533.400024,527.700012,532.375,8716204
4/20/2016,534.599976,534.599976,517.900024,518.650024,9914994
4/21/2016,520.700012,526,517.5,520.575012,5202872
4/22/2016,519.5,523.75,514.650024,519.474976,5351172
4/25/2016,522.224976,522.224976,506.149994,508.450012,27959172
4/26/2016,507.700012,511.950012,503.75,508.475006,12082558
4/27/2016,508.950012,512.974976,508,509.700012,6630120
4/28/2016,507,509.600006,495.475006,498.350006,28321014
4/29/2016,496.725006,499.274994,489.424988,491.350006,10734120
5/2/2016,489.5,496.200012,489,493.475006,4855506
5/3/2016,494,497.475006,486.375,487.899994,8033248
5/4/2016,487.024994,491.850006,486.5,489.049988,6192906
5/5/2016,490,491.725006,485.450012,487.625,9904822
5/6/2016,486.5,488.399994,483.5,484.475006,6742440
5/9/2016,487.5,493,486.399994,491.549988,7016176
5/10/2016,491.549988,492.350006,489,491.274994,3313680
5/11/2016,485.899994,490.375,485,487.700012,5641398
5/12/2016,488,497.100006,487.524994,496.399994,5845428
5/13/2016,494.475006,495.274994,487.5,489.075012,6696706
5/16/2016,488.5,491.25,485.549988,487.975006,4264144
5/17/2016,490.125,491.549988,483.174988,484.575012,5558046
5/18/2016,482.950012,486.25,482.049988,485.274994,3761948
5/19/2016,485.850006,485.950012,472.799988,475.600006,4176116
5/20/2016,476,477.25,465.674988,467.100006,8477976
5/23/2016,468.674988,470.350006,462.825012,465,8396196
5/24/2016,464.024994,472,464.024994,470.225006,5615474
5/25/2016,474.924988,476.399994,470.575012,475.600006,4224270
5/26/2016,475,476.200012,472.049988,473.424988,6487202
5/27/2016,474.524994,488.450012,474.375,487.350006,6126758
5/30/2016,488.200012,490.75,482.5,484.350006,4404182
5/31/2016,484.5,486.5,478.25,478.924988,10666938
6/1/2016,478.975006,483.049988,475.899994,476.799988,4134068
6/2/2016,477.25,478.575012,472.549988,478.125,4687704
6/3/2016,480,481.450012,477.924988,479.825012,3951424
6/6/2016,480.5,481.5,476.274994,477.399994,3964932
6/7/2016,478.625,480.475006,475.799988,477.524994,8665254
6/8/2016,479,479,474.575012,477.049988,5547950
6/9/2016,480,488.225006,478.100006,485.575012,7151680
6/10/2016,487,492.200012,484.149994,488.350006,7459474
6/13/2016,484.950012,491.725006,481.524994,490.549988,4669712
6/14/2016,490.475006,492.700012,484.649994,488.125,4994016
6/15/2016,490,493.25,486.875,492.299988,5087842
6/16/2016,490.5,491.825012,483.524994,488.149994,4284658
6/17/2016,488.5,489.325012,485.049988,487.450012,4816192
6/20/2016,486.075012,496.299988,484,495.100006,4918474
6/21/2016,497.049988,497.075012,489.850006,493.549988,6369730
6/22/2016,492.5,492.950012,488.549988,490.25,5846568
6/23/2016,489.975006,491,485,490.225006,4497386
6/24/2016,482.450012,482.450012,466.700012,475.725006,11422346
6/27/2016,470.25,479.200012,470.25,477.825012,4189198
6/28/2016,478.200012,480.774994,477.5,478.899994,3476740
6/29/2016,481,484.475006,480,483.450012,3439714
6/30/2016,486,488.75,483.524994,484.575012,5832658
7/1/2016,486.375,488.399994,485,486.725006,3021958
7/4/2016,487.75,496.799988,487.75,493.350006,3567500
7/5/2016,493.049988,501.450012,490.149994,496.549988,5193356
7/7/2016,496.25,500.25,493.075012,493.950012,5499296
7/8/2016,493.5,494.5,488.174988,489.200012,3264450
7/11/2016,495.5,497.475006,492.75,496.25,3779212
7/12/2016,497.625,502.5,495.5,501.700012,4465370
7/13/2016,502.600006,508.350006,502.075012,504.375,6818772
7/14/2016,504.049988,507.049988,499.125,502.450012,4918366
7/15/2016,504.5,510.5,501.75,506.100006,6397124
7/18/2016,514,519.375,500.875,503.125,14678172
7/19/2016,503,511.475006,497.649994,508.899994,7611500
7/20/2016,509.975006,514.150024,508.274994,511.5,5607290
7/21/2016,512,512.5,502.5,503.174988,3068088
7/22/2016,503,508.899994,502.549988,507.424988,3154228
7/25/2016,507,511.875,503.674988,511.375,3767768
7/26/2016,511.5,517.400024,507.600006,512.025024,4807744
7/27/2016,511.524994,513,504.475006,506.549988,5042896
7/28/2016,507.475006,515.25,506.524994,513.174988,7136750
7/29/2016,512,512.450012,506,507.450012,4402328
8/1/2016,509,510.149994,502.524994,504.75,3647388
8/2/2016,504,510,503.149994,506.399994,3524816
8/3/2016,507.200012,507.200012,495.75,496.975006,5427608
8/4/2016,499.5,500,491.700012,496.5,4657432
8/5/2016,499,509.5,498.524994,508.125,5535828
8/8/2016,509.950012,517,509.325012,514.625,6197506
8/9/2016,513.5,517.25,510.5,515.349976,6076092
8/10/2016,515.625,517.275024,501,501.825012,6158926
8/11/2016,500.975006,511.424988,499.799988,507.049988,6477798
8/12/2016,508.5,521.450012,508.5,517.900024,7481722
8/16/2016,518.125,522.400024,507.75,512.450012,6111206
8/17/2016,512.049988,514.400024,503.600006,506.649994,7079940
8/18/2016,508,511.825012,508,509.024994,3542898
8/19/2016,509,511,503.549988,507.450012,3738616
8/22/2016,506,509.850006,503.600006,505.924988,3055808
8/23/2016,506,507.5,502.5,505.225006,3346656
8/24/2016,505.850006,510.975006,505.5,510.25,3986306
8/25/2016,510.600006,514.5,504.5,506.350006,6839550
8/26/2016,508.950012,515.400024,507.299988,513.950012,4406930
8/29/2016,513.625,529.875,513.049988,528.724976,7402990
8/30/2016,531,534.25,526.5,533.200012,8307044
8/31/2016,532.450012,537,523.5,530,10649920
9/1/2016,526.5,536.375,512.849976,514.599976,19484908
9/2/2016,515.549988,516.275024,501.149994,506.674988,12857628
9/6/2016,509.950012,512.5,507.5,509.950012,5262182
9/7/2016,511,513.525024,506.524994,508.825012,5909990
9/8/2016,511.524994,517.974976,510.100006,516.700012,5580392
9/9/2016,517.5,524.950012,515,522.275024,6980882
9/12/2016,515.200012,528,514.575012,523.25,15399600
9/14/2016,524,529.5,520.450012,522.375,8505508
9/15/2016,523.5,535.099976,523.5,532.5,14341770
9/16/2016,533.5,546.924988,529.549988,537.775024,17977852
9/19/2016,536.275024,544,535.5,541.200012,7624648
9/20/2016,542,542.375,534.525024,537.099976,5271708
9/21/2016,537,542.450012,534.5,536.125,5002952
9/22/2016,541.5,547.900024,539.5,544.474976,8577088
9/23/2016,544.5,554.724976,544.5,551.400024,14211450
9/26/2016,551.700012,564.775024,550.125,553.599976,17469886
9/27/2016,558.5,562.974976,553.299988,555.25,8857386
9/28/2016,553.950012,554,543.150024,545.325012,11346976
9/29/2016,547.5,555.375,533.700012,536.224976,9719492
9/30/2016,534,547.275024,533.150024,541.849976,5120210
10/3/2016,543.5,553.974976,538.125,545.349976,8286218
10/4/2016,546.525024,554.150024,546,548.174988,5995088
10/5/2016,552,553.25,542.900024,544.700012,4932794
10/6/2016,546,563.125,546,555.400024,9651260
10/7/2016,557,561.525024,553.25,554.5,6985676
10/10/2016,557,561,547,548.174988,5281946
10/13/2016,544.5,544.525024,526,528.575012,10029334
10/14/2016,531.5,541,530.825012,538.825012,6978946
10/17/2016,540,540.400024,529.375,530.325012,4492474
10/18/2016,533,541.375,531.025024,540.549988,5062266
10/19/2016,542.224976,547.349976,540.700012,543.674988,7805312
10/20/2016,546.974976,549,542.025024,543.775024,4629042
10/21/2016,548.5,548.5,529.200012,532.099976,19936484
10/24/2016,535,537,530.325012,531.650024,4806198
10/25/2016,532.5,532.625,527.099976,530.424988,3501422
10/26/2016,528.025024,529.724976,526.049988,527.025024,5004110
10/27/2016,525.549988,526.950012,521.700012,524.349976,5871148
10/28/2016,525,529,521.900024,527.474976,3715834
11/1/2016,525.650024,527.974976,523.700012,525.5,4674022
11/2/2016,520.5,521.424988,510.5,511.875,3218450
11/3/2016,511.924988,517.375,510.299988,511.975006,3342742
11/4/2016,510.125,513.450012,500,502.774994,5273822
11/7/2016,507,508.274994,499.524994,500.575012,4345842
11/8/2016,502.850006,502.850006,499.149994,501.75,6140692
11/9/2016,475,504.5,465,502.299988,9893146
11/10/2016,509.299988,514.474976,503.5,505.200012,4463814
11/11/2016,498.924988,508.75,497.549988,500.875,6754784
11/15/2016,498.25,500,489.774994,492.700012,6623184
11/16/2016,497.5,498.399994,490.350006,493.274994,7566452
11/17/2016,493,499.075012,487.200012,488.875,5773270
11/18/2016,492.5,496.350006,491,493.75,8303856
11/21/2016,493.774994,496.774994,491.600006,495.75,6049424
11/22/2016,498.850006,503.899994,496.649994,500.725006,8067320
11/23/2016,502.5,505.25,499.774994,504.5,5992496
11/24/2016,502.774994,502.774994,491.100006,493.674988,8646750
11/25/2016,495,497.950012,492.174988,496.850006,4779658
11/28/2016,496.5,500.299988,492.049988,493.325012,3800322
11/29/2016,494.5,502.149994,494.024994,498.850006,4519218
11/30/2016,499.975006,499.975006,493.325012,495.024994,12616008
12/1/2016,500,507.5,497.5,498.875,5773026
12/2/2016,497.950012,502.5,495.899994,497.375,5706090
12/5/2016,497.5,499.850006,493.25,496.924988,1822820
12/6/2016,498,503.274994,497.299988,502.600006,3075070
12/7/2016,502,503.799988,498.174988,499.575012,2254226
12/8/2016,502.524994,510.899994,502.174988,510.024994,4000460
12/9/2016,511,515.924988,510.149994,514.474976,3766666
12/12/2016,510.25,520.849976,510.25,513.599976,4125400
12/13/2016,514,520.5,513.775024,519.900024,4738906
12/14/2016,519.900024,532.224976,519.099976,529.75,11035658
12/15/2016,526.200012,533.799988,524.325012,526.474976,8837934
12/16/2016,526,531,526,528.575012,6831074
12/19/2016,527.5,533.474976,527.174988,531.275024,6861900
12/20/2016,527.349976,530.5,526.575012,528.950012,5343438
12/21/2016,530.049988,533.650024,528.599976,531.625,9311516
12/22/2016,529,531.325012,525.474976,526.674988,13208832
12/23/2016,526,534.474976,526,528.650024,4692828
12/26/2016,527.174988,533,522.325012,523.724976,7004598
12/27/2016,523.924988,533.549988,523.5,532.349976,7974284
12/28/2016,533.950012,534.775024,523.549988,524.849976,4405854
12/29/2016,525,534.400024,524.75,532.724976,4010412
12/30/2016,532.400024,542.5,531.549988,541.200012,7182986
1/2/2017,542,545,536.174988,542.549988,3244916
1/3/2017,544.924988,548.5,540.549988,544.700012,2941502
1/4/2017,546.450012,546.5,532.150024,533.575012,4751094
1/5/2017,535.5,539.950012,534.375,538.700012,3992966
1/6/2017,537.099976,542.5,536.549988,537.474976,3586854
1/9/2017,538.5,543,535.5,538.849976,2390514
1/10/2017,540,547.200012,540,544.924988,5188800
1/11/2017,547.5,547.849976,542,543.025024,5246422
1/12/2017,543.5,545.174988,539.900024,541.650024,1998728
1/13/2017,542.275024,548.75,542.275024,545.200012,3307338
1/16/2017,544.974976,546.974976,536.974976,538.125,5492010
1/17/2017,532.5,534,519.25,520.625,17936580
1/18/2017,521.299988,524,514.375,516.275024,7254142
1/19/2017,517.575012,522.650024,515.5,516.849976,6987456
1/20/2017,516.974976,518.724976,511.950012,512.900024,4016164
1/23/2017,510.899994,515.5,506.399994,507.950012,6267066
1/24/2017,508.5,514.400024,508.5,513.650024,4306182
1/25/2017,516,516.349976,508.075012,508.649994,10906460
1/27/2017,510.125,514.450012,509.5,512.549988,9994478
1/30/2017,512.474976,523.224976,512.400024,522.400024,7167512
1/31/2017,523.424988,526.900024,520.150024,522.599976,6914730
2/1/2017,523.049988,525.450012,517.599976,524.825012,5171596
2/2/2017,525,525.400024,519.125,521.75,4159816
2/3/2017,523,525.224976,515.049988,516.825012,6043502
2/6/2017,518.5,522.450012,516.025024,520.825012,4567964
2/7/2017,521,521.174988,513.599976,515.450012,4528490
2/8/2017,515.450012,519.125,511,512.575012,7420188
2/9/2017,514,517,513.400024,516.375,4508432
2/10/2017,517.5,517.775024,512.775024,515.075012,5723062
2/13/2017,516.5,517,511,514.924988,3915976
2/14/2017,517.5,526.450012,514.950012,524.900024,8340828
2/15/2017,526.450012,528.75,522.625,525.650024,6965690
2/16/2017,526.275024,534.724976,526.275024,533.75,8985694
2/17/2017,533.25,539.099976,529.224976,537.75,6787712
2/20/2017,535.275024,539.424988,533.25,537.700012,5326254
2/21/2017,537.599976,545.474976,536.525024,544.099976,6485580
2/22/2017,546.5,605.825012,546,603.75,58207852
2/23/2017,606.799988,611,589.674988,591.375,28458468
2/27/2017,595.25,628.400024,595.174988,619.450012,38137822
2/28/2017,616,624,614.25,619.025024,16509062
3/1/2017,620.049988,622.200012,615,617.25,11148306
3/2/2017,618.950012,627.349976,613.525024,618.375,8258066
3/3/2017,620.775024,643.900024,620.775024,629.275024,38541702
3/6/2017,634.5,656,632.625,652.674988,30504308
3/7/2017,659.424988,663.5,648.075012,652.474976,19233700
3/8/2017,653.849976,653.849976,643.049988,645.599976,19812206
3/9/2017,645,649,640.75,643.375,14215340
3/10/2017,645.125,648,630.599976,640.825012,11331136
3/14/2017,659.375,659.5,642.625,644.75,12693240
3/15/2017,645.525024,658.150024,645.200012,652.474976,11021316
3/16/2017,655,655.200012,646.799988,648.825012,7279928
3/17/2017,654,659.974976,649.025024,650.349976,10390152
3/20/2017,653,653.125,639.174988,640.400024,5883428
3/21/2017,641.099976,641.950012,629.650024,631.900024,10330214
3/22/2017,626,632.950012,623.275024,629.849976,9276676
3/23/2017,631.575012,638.775024,629,636.650024,5398180
3/24/2017,637.049988,646,634.224976,643.375,7443822
3/27/2017,635.549988,639.375,623.599976,625.549988,14836244
3/28/2017,629,632,621.049988,622.875,9923868
3/29/2017,625.849976,630,616.674988,628.325012,8651574
3/30/2017,627.5,637.375,626.5,635.325012,12737718
3/31/2017,633,668.825012,633,660.450012,20751038
4/3/2017,671,690.25,668.525024,687.325012,20520654
4/5/2017,697.599976,709,690.049988,707.5,18434720
4/6/2017,704.5,724.450012,701.099976,719.25,23142150
4/7/2017,710.650024,717,701.275024,703.299988,14572302
4/10/2017,705,712.450012,688.650024,690.674988,14066282
4/11/2017,693.924988,700.224976,685.049988,686.174988,14743454
4/12/2017,691.400024,693.224976,675.575012,677,12548430
4/13/2017,677,686.700012,673.674988,682.400024,5812376
4/17/2017,682.5,697.775024,682.5,695.924988,5411708
4/18/2017,699.974976,705,683.5,685.099976,7322166
4/19/2017,684.5,691.275024,678.775024,684.400024,5290584
4/20/2017,689.5,693.400024,682.049988,684.775024,3837224
4/21/2017,690.25,710.5,689.275024,701.25,13820554
4/24/2017,704.525024,717.5,700.099976,708.700012,11663462
4/25/2017,730,733.875,713.049988,716.400024,16807408
4/26/2017,717.5,720.025024,701.299988,708.224976,7663550
4/27/2017,708.5,712.075012,701.099976,704.75,5747310
4/28/2017,704.875,710.150024,695.5,697.599976,5416808
5/2/2017,701,701,683.150024,685.275024,8499368
5/3/2017,688.450012,690.375,682.5,685.049988,4343098
5/4/2017,687.5,689.799988,677.025024,678.974976,6567622
5/5/2017,680.799988,683.674988,662.5,664.125,7131086
5/8/2017,665,669.75,659.174988,660.700012,7345170
5/9/2017,662,666.825012,660.125,665.174988,9649022
5/10/2017,667.400024,681.799988,665.325012,679.549988,10471864
5/11/2017,682.049988,684.875,675.825012,679.775024,6301512
5/12/2017,680.025024,682,672.025024,675.224976,3439458
5/15/2017,678.200012,678.200012,666.75,672.049988,3080426
5/16/2017,673.025024,688.450012,670.5,678.150024,5785894
5/17/2017,676.5,682.974976,673.875,676.549988,4500608
5/18/2017,670.125,675,662.049988,663.674988,4475832
5/19/2017,666.5,667.849976,655,659.424988,5857766
5/22/2017,663.25,666.799988,657.599976,662.075012,4023718
5/23/2017,662.849976,664.924988,651,652.775024,4216446
5/24/2017,653.75,656.849976,647.549988,648.849976,6549608
5/25/2017,650,656.200012,648.224976,651.224976,11850670
5/26/2017,651.974976,672.200012,650,668.650024,9797278
5/29/2017,668.5,682.724976,667.799988,678.450012,10982340
5/30/2017,677.950012,682.349976,674.25,679.674988,4415454
5/31/2017,683.5,683.974976,667.900024,670.349976,7508198
6/1/2017,666.349976,670,661.5,664.125,4358656
6/2/2017,667.5,669.349976,658.5,662.375,5255130
6/5/2017,663.125,670.5,657.924988,664.674988,4953412
6/6/2017,666.974976,666.974976,655.5,656.400024,4384712
6/7/2017,655.599976,671,654.5,669.5,5119908
6/8/2017,670,672.400024,664.025024,665.849976,3613042
6/9/2017,672.549988,676.474976,665.5,667.849976,6325604
6/12/2017,663.275024,664.875,658.5,659.724976,3855026
6/13/2017,660.299988,663.5,655.5,657.174988,2754582
6/14/2017,657.950012,680,657.950012,678.75,24202054
6/15/2017,680,697.5,679.549988,691.974976,12933608
6/16/2017,694.549988,697.900024,684.650024,694.400024,14954314
6/19/2017,695.099976,707.900024,695.099976,704.625,6965824
6/20/2017,704.5,711.049988,703.724976,706.174988,4636798
6/21/2017,703.900024,714,702.125,711,9139886
6/22/2017,714.724976,722.700012,713.849976,716.325012,10111884
6/23/2017,718,721,715.299988,717.924988,14237664
6/27/2017,716,721.5,712.5,718.575012,14899756
6/28/2017,719.974976,719.974976,697.775024,699.25,7117076
6/29/2017,700,705,695.049988,696.349976,5896644
6/30/2017,696,696.200012,687.525024,690,3572422
7/3/2017,694.099976,697.349976,685.5,690.525024,4203772
7/4/2017,695,713.549988,694.5,710.974976,8602400
7/5/2017,714.724976,723.724976,712,721.325012,12439044
7/6/2017,724.349976,725,719,721.275024,6213034
7/7/2017,721.5,748.875,720,745.575012,16387270
7/10/2017,747.549988,750.450012,744.549988,746.424988,1602158
7/11/2017,750.5,752.200012,743.5,747.174988,9598458
7/12/2017,749.700012,762.5,748.75,755.549988,7819594
7/13/2017,754.375,762.5,753.075012,761.049988,10519518
7/14/2017,760,768,757.775024,766.875,9386022
7/17/2017,768.5,779.799988,768.5,775.875,8571618
7/18/2017,773.400024,775.900024,755.5,759.950012,8978824
7/19/2017,756.299988,769,756.299988,766.474976,5390082
7/20/2017,769.875,775,761.849976,764.450012,6229372
7/21/2017,775,795.849976,772.474976,792.5,44410224
7/24/2017,800,812.450012,792.5,807.625,19854458
7/25/2017,812.349976,812.474976,798.799988,801.075012,9172158
7/26/2017,802.099976,814.950012,800.549988,811.375,10036778
7/27/2017,814,815.75,794.174988,797.400024,8416142
7/28/2017,795.625,802.974976,789,797.224976,6552046
7/31/2017,800.974976,809.400024,798,807.599976,7574068
8/1/2017,811.375,811.375,795.75,801.799988,5628596
8/2/2017,805,817.849976,804.049988,814.599976,9502770
8/3/2017,813.424988,832.450012,808.525024,825.049988,9009552
8/4/2017,831.5,831.5,807.549988,811.075012,8494090
8/7/2017,815.799988,815.799988,806.275024,808.174988,4360036
8/8/2017,809,810.525024,793.400024,801.275024,5011136
8/9/2017,800.75,810,792.5,799.400024,4771286
8/10/2017,796.525024,803.325012,788.974976,792.174988,4657686
8/11/2017,775.474976,790,766.5,773.125,7770128
8/14/2017,780.5,792.25,780.5,786.525024,6144598
8/16/2017,786,788,775.099976,783.049988,6206788
8/17/2017,784.5,798.825012,780.575012,783.549988,7236358
8/18/2017,782,788.900024,776.575012,787.700012,3628022
8/21/2017,788.5,792.075012,780.125,782.200012,3462376
8/22/2017,786,789.950012,778.025024,780.025024,4358460
8/23/2017,782.424988,793.275024,776.575012,791.025024,3803648
8/24/2017,795,796.549988,782.25,784.025024,5785142
8/28/2017,789.525024,790.974976,780.599976,783.275024,5630656
8/29/2017,780.924988,783.75,765,766.075012,6932842
8/30/2017,773.775024,784.400024,770.625,782.049988,4724774
8/31/2017,787.5,798.724976,787,797.25,11476990
9/1/2017,799.924988,808.299988,799.5,805.049988,7054954
9/4/2017,807.75,818.075012,797.924988,806.674988,9856750
9/5/2017,815,817.424988,810.525024,816.299988,11528262
9/6/2017,813.200012,826.25,811.400024,822.700012,22285024
9/7/2017,823,832.5,815,818.099976,7408536
9/8/2017,820,823.25,812.099976,816.900024,6056729
9/11/2017,821.299988,826.849976,816.549988,817.900024,5801712
9/12/2017,822.75,825,817,823.75,2971669
9/13/2017,824,859.900024,822,849,13430225
9/14/2017,855.799988,861.5,842,843.849976,5425486
9/15/2017,842,852.849976,834.75,841.799988,13072853
9/18/2017,850,851.049988,843.099976,845.549988,2314174
9/19/2017,848.700012,848.75,837,838.599976,3528729
9/20/2017,856.099976,872.5,845.099976,847.150024,11402965
9/21/2017,847,851.700012,836.25,841.349976,5920552
9/22/2017,839.900024,839.900024,813.200012,817.400024,5620443
9/25/2017,815,827.950012,805.200012,821.549988,6505309
9/26/2017,821.700012,827.049988,812.200012,820.099976,4829571
9/27/2017,825.599976,825.700012,795.5,799.150024,8434196
9/28/2017,799.650024,802.900024,780.200012,786.450012,13508179
9/29/2017,791.75,793.400024,779.099976,780.900024,7619230
10/3/2017,795,803.849976,785.349976,798.349976,8387059
10/4/2017,799.200012,824.950012,795.599976,818.849976,8643924
10/5/2017,825,828.450012,818.650024,824.150024,4860479
10/6/2017,824,839.349976,822.599976,837.049988,5942106
10/9/2017,839,839.799988,828,830.650024,4046109
10/10/2017,831,847.299988,831,843.200012,6734986
10/11/2017,845.299988,858.400024,836,840.150024,7049800
10/12/2017,842.099976,876.799988,842.099976,872.75,8522926
10/13/2017,879.299988,890.700012,873.349976,876.450012,9833512
10/16/2017,879,892,861.299988,876.799988,14633539
10/17/2017,878,884,867.200012,874.349976,6354084
10/18/2017,877.400024,917.900024,875,914.5,16765178
10/19/2017,915.799988,921.900024,903,909.900024,3664082
10/23/2017,912.900024,944.700012,909.099976,939.75,12551649
10/24/2017,947.700012,947.700012,928.200012,934.25,6335308
10/25/2017,940.099976,945.900024,929.5,939.900024,4577050
10/26/2017,940,957.799988,931,947.400024,7698704
10/27/2017,950,956.700012,925.700012,929.849976,5256749
10/30/2017,934,945.549988,930.599976,942.5,3576533
10/31/2017,944.950012,945.75,932.200012,940.849976,4345360
11/1/2017,947.75,957.799988,945.75,952.549988,8033040
11/2/2017,952.799988,956.5,944.25,946.599976,4698609
11/3/2017,955.950012,955.950012,940.150024,945.299988,2193730
11/6/2017,942.5,942.5,929,932.5,4460799
11/7/2017,933.349976,935,903.049988,906.700012,9347943
11/8/2017,902.5,906,884.099976,887.799988,8115980
11/9/2017,894.75,909.900024,892.049988,900.5,6860798
11/10/2017,900.950012,900.950012,879.200012,883.849976,6365174
11/13/2017,885,891.900024,873.5,875.25,4155011
11/14/2017,875,895,873,886.700012,5706105
11/15/2017,884.5,890.599976,877.950012,883.700012,6981872
11/16/2017,885.5,906,885.5,903.849976,6931038
11/17/2017,918.950012,924.900024,908.5,911.900024,5586242
11/20/2017,906.200012,924.349976,905,920.849976,4220192
11/21/2017,926.799988,939.650024,925.5,932.549988,5980763
11/22/2017,937.450012,938.650024,923.450012,930.75,5055490
11/23/2017,931,949.900024,926.650024,947,7329126
11/24/2017,950,959.5,947.400024,951.099976,6394443
11/27/2017,947.25,957.5,944,951.349976,4680074
11/28/2017,949.849976,951.349976,938.099976,943.349976,4641893
11/29/2017,941.849976,950,941,946,3674864
11/30/2017,941.450012,941.450012,919.5,921.549988,9434893
12/1/2017,924.450012,931.25,907.700012,910.099976,5081389
12/4/2017,913.5,913.799988,897.349976,901.599976,4618847
12/5/2017,901.049988,920.75,895.450012,913.700012,8369174
12/6/2017,910,930.299988,908.799988,926.650024,11007689
12/7/2017,930.049988,936,923,931.549988,5529565
12/8/2017,933.849976,936.950012,919.049988,921,5588486
12/11/2017,922.450012,926,913.549988,916.150024,4933853
12/12/2017,915.950012,929,908,915.599976,7215014
12/13/2017,916.900024,924.950012,910.700012,914.650024,4182097
12/14/2017,919,924.900024,908.75,921.5,5021130
12/15/2017,931,932.950012,917.700012,919.75,11158706
12/18/2017,911.950012,932.650024,862.650024,921,8494801
12/19/2017,923.599976,927,920,925.950012,4064982
12/20/2017,925.900024,927.400024,917,918.150024,4774414
12/21/2017,918.450012,923.950012,910,912.950012,4147162
12/22/2017,914.650024,922.400024,909.299988,920.400024,4872675
12/26/2017,924.849976,938.900024,918.150024,929.799988,5301456
12/27/2017,933,937.5,919,923.75,4352384
12/28/2017,925.25,934.400024,919.099976,924.200012,7091515
12/29/2017,926.5,932.299988,918.5,921.049988,5069838
1/1/2018,922.700012,922.700012,907.5,909.75,4321686
1/2/2018,913,919.549988,906.400024,911.150024,4342815
1/3/2018,925,926,913.049988,914.799988,6175312
1/4/2018,918.150024,921.799988,915.700012,920.299988,4118581
1/5/2018,921.799988,926.900024,920.25,923.25,3401905
1/8/2018,926.099976,931,923.5,928.549988,4035417
1/9/2018,928.150024,943.900024,924,940.950012,6534997
1/10/2018,943,947.400024,935.5,942.349976,5361502
1/11/2018,941.799988,942.650024,935,937.75,3588377
1/12/2018,943,952.799988,938.25,949,6890028
1/15/2018,950,958.5,945.200012,949.150024,5084113
1/16/2018,947.700012,947.700012,920,922.950012,4948895
1/17/2018,926,929,907,924.5,6036432
1/18/2018,929,929.599976,915.099976,919.700012,4289053
1/19/2018,923,934.400024,922.099976,931.299988,4559564
1/22/2018,948,974.299988,940,971.5,20892838
1/23/2018,975,990.950012,975,983.25,10298500
1/24/2018,981.75,981.75,962.650024,966.349976,6532672
1/25/2018,967.900024,972,956.150024,965.900024,6249419
1/29/2018,966.200012,977.299988,959.299988,964.5,4524605
1/30/2018,965.799988,965.799988,949,950.400024,4198139
1/31/2018,950,964.5,941.549988,961.299988,5738209
2/1/2018,963.25,972.599976,936.599976,943.849976,7554587
2/2/2018,935,943.950012,901,904.349976,13242095
2/5/2018,894,912.5,881.799988,902.150024,8773525
2/6/2018,877,898,871,892.099976,11000567
2/7/2018,902.549988,905.400024,890,894.400024,7100838
2/8/2018,897.900024,910.650024,892.349976,904.549988,6320734
2/9/2018,889,902,886,897.849976,5294279
2/12/2018,903,918.200012,902.049988,915.5,5429792
2/14/2018,923,942.5,921,933.650024,10170959
2/15/2018,937.650024,945.75,928.150024,935.650024,6109454
2/16/2018,939.599976,942.599976,918.099976,921.299988,4401672
2/19/2018,921,932,913.549988,927,4087936
2/20/2018,929,929.549988,918.799988,921.099976,3866919
2/21/2018,930,932.5,922.150024,929.349976,5448230
2/22/2018,922,931,920,924.349976,5118850
2/23/2018,925.400024,938,922.75,934.25,4850839
2/26/2018,939,944.900024,936.599976,938.700012,3856478
2/27/2018,939,955.799988,938.349976,950.5,6410097
2/28/2018,945.950012,957.099976,943.200012,954.549988,25898694
3/1/2018,949.75,959.900024,945.950012,948.400024,4094652
3/5/2018,943,950.150024,921.599976,924.099976,5634893
3/6/2018,929,936.200012,905.099976,910.849976,7323680
3/7/2018,909.25,909.25,888.049988,889.75,7247708
3/8/2018,897.650024,914.5,893.299988,911.450012,6072983
3/9/2018,914.900024,919.349976,911.049988,913.099976,4863577
3/12/2018,920,933.099976,917.549988,930.299988,3801407
3/13/2018,931.900024,936,921.349976,931.849976,5096825
3/14/2018,928.799988,932.049988,919.200012,929.049988,6731530
3/15/2018,925,929.450012,910,911.799988,5811424
3/16/2018,909,909.700012,886.049988,900.049988,14087564
3/19/2018,901,906.900024,892,895.5,5774392
3/20/2018,893.299988,904,887.049988,889.799988,6945721
3/21/2018,894.849976,902.349976,893.299988,896.900024,6727261
3/22/2018,896,911.950012,895.75,908.150024,10116965
3/23/2018,890.599976,900,889.099976,893.900024,10729694
3/26/2018,893.950012,904.299988,892.5,901.099976,6047262
3/27/2018,907.200012,910.75,897,899.799988,6939577
3/28/2018,895.799988,895.849976,880,882.700012,8759586
4/2/2018,893,900.950012,886.5,892.950012,5712065
4/3/2018,891,901.700012,885.25,899.549988,6364728
4/4/2018,904.700012,911.799988,892.049988,894.900024,6498407
4/5/2018,905.099976,910,903.5,908.200012,3898676
4/6/2018,908,918.5,905,911,4418462
4/9/2018,912.549988,919,912.549988,916,3572251
4/10/2018,918.400024,923.900024,914.150024,917.049988,3865402
4/11/2018,921.799988,932.75,916.049988,930.849976,6007539
4/12/2018,929.849976,936.650024,924.200012,928.700012,4947725
4/13/2018,932.700012,941.700012,928.700012,938.849976,5767984
4/16/2018,934.450012,940,928.5,937.049988,4084450
4/17/2018,940,947.200012,936,944.25,4388713
4/18/2018,945.25,948.200012,935.049988,938,3365196
4/19/2018,939.099976,945,935,942.299988,4481413
4/20/2018,938,941.849976,921.200012,927.900024,3349519
4/23/2018,930,944.349976,928.5,936,3508515
4/24/2018,935.799988,975.700012,935,970.049988,9107264
4/25/2018,973.650024,981.799988,963.549988,970.5,6436620
4/26/2018,973,988,962.25,975.349976,15588001
4/27/2018,989.799988,1011,985.5,996.299988,11666267
4/30/2018,982,992.599976,960,963.299988,8871802
5/2/2018,967,979.200012,965.049988,972.700012,6117761
5/3/2018,977.900024,977.900024,959.25,961.599976,3947546
5/4/2018,962.849976,964.700012,950,953.950012,3795692
5/7/2018,958.849976,973.25,956.349976,971,3512532
5/8/2018,977.5,982,965.200012,967.099976,4934036
5/9/2018,965.900024,984.299988,962.25,976.700012,4494423
5/10/2018,980,984.599976,974.25,981.150024,4014645
5/11/2018,981.25,991.299988,977.75,989.25,4011516
5/14/2018,991.950012,991.950012,976.700012,986.599976,2579561
5/15/2018,983.049988,1000,976.650024,978.950012,4800923
5/16/2018,974,974,952.450012,956.150024,8613363
5/17/2018,959.349976,960,941.5,945.349976,4733477
5/18/2018,945.599976,953.5,932,933.849976,5230037
5/21/2018,930.75,935.700012,922.099976,931.349976,6624893
5/22/2018,933.150024,934,925,926.75,5170585
5/23/2018,926,926,909.150024,912.25,4567562
5/24/2018,914,921,910.150024,915.849976,5317983
5/25/2018,916,923.400024,914.450012,920.799988,8129520
5/28/2018,924.900024,927,918.099976,920.400024,5197835
5/29/2018,921.5,928,914.400024,917.450012,8173396
5/30/2018,914.849976,923.200012,906.599976,916.099976,5991222
5/31/2018,921,922.299988,914.549988,921.349976,16951801
6/1/2018,920,935.75,918.450012,930.549988,8765835
6/4/2018,933.400024,944,930.549988,940.849976,5600357
6/5/2018,942.799988,955,941,947.650024,7971524
6/6/2018,947,956,942.650024,954.400024,4189483
6/7/2018,954.900024,976,954.450012,971.349976,6857300
6/8/2018,966.349976,986.549988,960.599976,984.349976,6532599
6/11/2018,987.099976,999.950012,979.049988,982.650024,6866053
6/12/2018,983.400024,1000,980.299988,997.150024,7445221
6/13/2018,1000,1005.900024,989.5,1002.5,5926020
6/14/2018,997.450012,1011.799988,987.400024,1007.950012,5484867
6/15/2018,1006,1023.5,999.25,1014.200012,11294702
6/18/2018,1008.799988,1020.450012,1007,1015.549988,5652374
6/19/2018,1013.900024,1014.799988,993.650024,996.049988,6346101
6/20/2018,996,1022.900024,994.849976,1019.25,7193824
6/21/2018,1023.450012,1036,1021.299988,1031.949951,10509756
6/22/2018,1028.400024,1029.199951,1008.450012,1012.5,16169978
6/25/2018,1011.400024,1016.5,1002.299988,1004.450012,5197694
6/26/2018,1006,1006,975.25,978.950012,8068585
6/27/2018,978.5,985.400024,962.700012,965.849976,8958555
6/28/2018,962,968.5,940.299988,944.950012,8581234
6/29/2018,949.099976,975.5,949,972.450012,7966401
7/2/2018,972.349976,972.349976,957,960.599976,6660916
7/3/2018,965,978.450012,960.349976,971.299988,5067261
7/4/2018,971.799988,992,971,990.099976,5000724
7/5/2018,997,1008.400024,958.599976,964.5,18719353
7/6/2018,964.75,983,964.5,977.549988,9161266
7/9/2018,987.099976,1000,983.5,997.099976,5170189
7/10/2018,1002.75,1028.5,1000,1025.699951,10444513
7/11/2018,1025,1040.900024,1017.849976,1038.800049,8665072
7/12/2018,1044.349976,1099,1042.599976,1082.349976,24109297
7/13/2018,1080.5,1109,1080,1099.800049,17967282
7/16/2018,1099.800049,1108.900024,1073.050049,1076.199951,6595781
7/17/2018,1078.300049,1095.949951,1069.599976,1092.349976,6469256
7/18/2018,1098.400024,1104.599976,1077.300049,1092.550049,4682099
7/19/2018,1093.300049,1115,1086.349976,1104.849976,5433617
7/20/2018,1113.400024,1138.5,1111.900024,1128.650024,8018150
7/23/2018,1129.800049,1129.800049,1113.099976,1120.300049,5842496
7/24/2018,1122,1126.75,1107.400024,1110.949951,4469144
7/25/2018,1110,1123,1104.199951,1115.150024,5949680
7/26/2018,1110.099976,1121.5,1107.800049,1110.650024,6424867
7/27/2018,1119.5,1137.400024,1112.150024,1129.849976,6679468
7/30/2018,1130,1157.300049,1128,1151.400024,13872467
7/31/2018,1151,1190.400024,1147.150024,1186,13875377
8/1/2018,1190.400024,1202.900024,1185.400024,1192.349976,9704295
8/2/2018,1191.5,1191.5,1165.949951,1168.349976,6248975
8/3/2018,1175,1183.5,1169.550049,1176.949951,6645397
8/6/2018,1176.699951,1196,1175.349976,1192.599976,4016418
8/7/2018,1194.900024,1201.400024,1177,1184.199951,4059460
8/8/2018,1185,1222.5,1185,1217.699951,7912437
8/9/2018,1221.5,1231.699951,1212,1217.949951,6846928
8/10/2018,1211,1215,1202.300049,1204.199951,3581210
8/13/2018,1197.550049,1199.949951,1182.699951,1187.699951,4668159
8/14/2018,1190,1217.199951,1184.300049,1210.599976,5299536
8/16/2018,1203.25,1216,1195.5,1200.800049,5982490
8/17/2018,1209,1215.400024,1200.050049,1203.75,3830992
8/20/2018,1207.900024,1236.800049,1207.650024,1234.900024,7607036
8/21/2018,1237.25,1251.5,1227,1247.199951,7279641
8/23/2018,1246.300049,1274,1238.400024,1269.449951,7968123
8/24/2018,1265.25,1279.949951,1260.050049,1277.5,6652005
8/27/2018,1279.400024,1295.849976,1278.75,1291.5,5572177
8/28/2018,1296,1323,1295,1319,8694751
8/29/2018,1316.300049,1329,1290.199951,1294.199951,11077203
8/30/2018,1293.599976,1297.150024,1270.449951,1274.449951,9850042
8/31/2018,1270,1270,1236.599976,1241.650024,15305857
9/3/2018,1245,1257.900024,1226.050049,1229.150024,12200022
9/4/2018,1235.150024,1254.800049,1229,1241.949951,8838770
9/5/2018,1242.5,1252.650024,1208.5,1227,10324923
9/6/2018,1230.150024,1265.699951,1225.349976,1261.400024,11195043
9/7/2018,1264.900024,1281.349976,1254.5,1278.599976,10692787
9/10/2018,1275,1277,1250.099976,1255.849976,7059008
9/11/2018,1259,1268.400024,1234.25,1237.699951,10874768
9/12/2018,1251.800049,1258.699951,1228.849976,1252.5,8065553
9/14/2018,1259.400024,1275.599976,1247.650024,1253.150024,7878583
9/17/2018,1250.75,1250.75,1221.599976,1225.900024,6754086
9/18/2018,1226,1239.400024,1214.349976,1217.150024,7616412
9/19/2018,1224,1224,1201,1210.75,11265786
9/21/2018,1219,1237.400024,1183.5,1217.5,19070172
9/24/2018,1214.449951,1239.900024,1204.5,1232.050049,10102589
9/25/2018,1235.5,1245,1195,1230.599976,9715020
9/26/2018,1239,1253.949951,1227.150024,1251.400024,6396828
9/27/2018,1255,1263,1237.5,1253.75,10808749
9/28/2018,1259.900024,1271.699951,1247.300049,1257.949951,11073023
10/1/2018,1257.699951,1257.699951,1204,1231.699951,7332693
10/3/2018,1229.5,1239.599976,1200.050049,1205.099976,7376575
10/4/2018,1189.5,1190.400024,1106,1122.25,23212443
10/5/2018,1099.5,1115.300049,1038.150024,1048.849976,21943190
10/8/2018,1050,1117,1025.550049,1109.400024,24679428
10/9/2018,1121.650024,1123.300049,1081.199951,1090.050049,10991196
10/10/2018,1093.900024,1115.849976,1084.300049,1102.099976,9502176
10/11/2018,1064,1114.75,1043,1087.800049,13224172
10/12/2018,1104.949951,1129,1101.900024,1126.550049,9058536
10/15/2018,1129.900024,1146.900024,1118.150024,1139.75,8871776
10/16/2018,1146,1167.400024,1140,1163.800049,7478601
10/17/2018,1179,1179.349976,1140,1151.300049,12785646
10/19/2018,1100,1111,1070.25,1101.300049,25421229
10/22/2018,1110,1114.800049,1057.349976,1062.650024,13165542
10/23/2018,1052.75,1064.699951,1043.650024,1054.699951,10573730
10/24/2018,1074.900024,1075.949951,1031.400024,1045.75,13655337
10/25/2018,1036,1040.650024,1016.400024,1030.800049,14096237
10/26/2018,1032.900024,1057,1022,1044.900024,9182613
10/29/2018,1046,1093.849976,1046,1087.800049,7671807
10/30/2018,1085.5,1085.5,1052.099976,1057,8806701
10/31/2018,1059,1065.849976,1047,1061.25,16457691
11/1/2018,1067.900024,1067.900024,1050,1056.25,9396027
11/2/2018,1067,1081,1063.150024,1074.900024,16796200
11/5/2018,1073.449951,1092.699951,1065,1090.300049,7582518
11/6/2018,1094,1112,1091.599976,1104.099976,8634266
11/7/2018,1115,1115,1106.699951,1110.699951,1283997
11/9/2018,1106.25,1113.800049,1085,1093.449951,10840462
11/12/2018,1097.699951,1098.800049,1074.550049,1080,5801720
11/13/2018,1074,1103,1070.050049,1099.449951,6811598
11/14/2018,1105.050049,1112.650024,1085.5,1097.949951,7787530
11/15/2018,1096.949951,1103,1086.5,1096.849976,6831740
11/16/2018,1097.949951,1129.949951,1097.099976,1127.400024,11031889
11/19/2018,1132.900024,1151.699951,1131,1150,7308981
11/20/2018,1145,1155.900024,1130,1137.400024,5719901
11/21/2018,1137.5,1145.5,1107.050049,1112.900024,7507812
11/22/2018,1114.5,1125.349976,1100.099976,1102.849976,5792568
11/26/2018,1109,1117.5,1097.400024,1109.75,6386556
11/27/2018,1107.900024,1130,1105.449951,1128.199951,6810228
11/28/2018,1132.449951,1157.75,1126.300049,1152.650024,8003964
11/29/2018,1161,1179.900024,1160,1168.5,12636169
11/30/2018,1172.300049,1186,1162.300049,1167.550049,10717448
12/3/2018,1174.900024,1174.900024,1148.5,1156.449951,5569578
12/4/2018,1158,1158,1142.199951,1152.300049,5192825
12/5/2018,1143.75,1158.800049,1139.300049,1155.150024,5819618
12/6/2018,1149,1149,1118.25,1123.650024,5866108
12/7/2018,1129.449951,1136.949951,1108.349976,1133.800049,7214078
12/10/2018,1110,1114.300049,1083.099976,1090.25,9381544
12/11/2018,1066,1102.099976,1055,1097.550049,13494665
12/12/2018,1099,1113.5,1087.75,1110.5,12605431
12/13/2018,1128,1128,1095.050049,1107.050049,9297518
12/14/2018,1103.099976,1114.900024,1091.800049,1112.199951,7221324
12/17/2018,1115.949951,1133,1111.5,1129.900024,5064357
12/18/2018,1123.300049,1139,1120.5,1136.400024,5870928
12/19/2018,1141.5,1147.300049,1133.199951,1136.800049,7368799
12/20/2018,1121,1132.5,1116.150024,1128.449951,5764731
12/21/2018,1125,1131.25,1096,1100.199951,8281941
12/24/2018,1100.900024,1103.199951,1086.550049,1089.150024,4144535
12/26/2018,1085.800049,1100,1065.650024,1098.349976,7210059
12/27/2018,1107.199951,1127,1104,1120.199951,12478000
12/28/2018,1125.5,1135.25,1121.199951,1125.550049,7666016
12/31/2018,1130.949951,1133.849976,1116.199951,1121.25,7222817
1/1/2019,1125.25,1127.300049,1110.099976,1121,4455850
1/2/2019,1114.5,1127,1101,1106.400024,7144970
1/3/2019,1107.5,1114.599976,1090.099976,1092.75,7446457
1/4/2019,1097.400024,1104.449951,1081.099976,1098.650024,8465141
1/7/2019,1107,1118.449951,1101,1104.75,5513559
1/8/2019,1105.099976,1109.949951,1096,1104.650024,5625153
1/9/2019,1112,1117,1098.699951,1110.75,5766805
1/10/2019,1107.75,1111,1103,1107.5,4080283
1/11/2019,1107.599976,1113.800049,1088.599976,1098.050049,6463903
1/14/2019,1095,1100.5,1086.400024,1096.800049,4111782
1/15/2019,1105,1132,1105,1129.650024,10062875
1/16/2019,1135,1145,1130.349976,1135.900024,6382777
1/17/2019,1144.449951,1147.900024,1130,1134.449951,7487963
1/18/2019,1148.800049,1189.900024,1135.25,1184.349976,25684142
1/21/2019,1194,1239.949951,1188.650024,1237.699951,22038534
1/22/2019,1232.849976,1246.949951,1219.599976,1235.150024,16552819
1/23/2019,1233.300049,1244.199951,1222,1226.300049,8829502
1/24/2019,1225,1253.199951,1220.099976,1247.449951,13155185
1/25/2019,1250.449951,1264.699951,1235.400024,1246,8550836
1/28/2019,1250.5,1255.949951,1222.400024,1229.550049,8569265
1/29/2019,1231,1231.650024,1201.349976,1210.650024,9328866
1/30/2019,1215,1225,1191.099976,1195.699951,7846940
1/31/2019,1202,1229.699951,1201,1227.150024,10185347
2/1/2019,1234,1255,1227.050049,1249.949951,9228965
2/4/2019,1247,1296.949951,1242.050049,1290.900024,11670570
2/5/2019,1292,1304.400024,1278.599976,1291.550049,9362406
2/6/2019,1296.25,1317.650024,1294.25,1310.25,9411585
2/7/2019,1310.25,1321.199951,1286.099976,1290.400024,9212227
2/8/2019,1284.800049,1300.5,1272.25,1277.699951,6505502
2/11/2019,1275.900024,1276,1251,1253.25,7523999
2/12/2019,1251.5,1272.349976,1251.5,1256.400024,6399485
2/14/2019,1241,1241,1218,1224.199951,6627360
2/15/2019,1229.75,1249.900024,1214,1244.449951,9597961
2/18/2019,1250,1252.5,1215,1220.099976,9649017
2/19/2019,1218,1239.699951,1211.199951,1216.099976,6244189
2/20/2019,1223.849976,1240,1219,1234.349976,6298179
2/21/2019,1236,1257.800049,1229.349976,1246.900024,10580178
2/22/2019,1244.599976,1245.300049,1226,1232.349976,8755865
2/25/2019,1236,1243,1220.650024,1232.300049,7852528
2/26/2019,1209.5,1234.800049,1206,1220.25,10131050
2/27/2019,1228.050049,1244.900024,1209,1223.5,11113182
2/28/2019,1233.75,1239.849976,1226.550049,1231.050049,11286916
3/1/2019,1237,1242.349976,1222.25,1226.050049,7922513
3/5/2019,1223.400024,1239.800049,1218.599976,1237.650024,7121509
3/6/2019,1239.800049,1273.099976,1235.099976,1264.800049,12038231
3/7/2019,1264,1279.800049,1258.150024,1270.25,8109259
3/8/2019,1266.050049,1274.449951,1262,1267.099976,6040052
3/11/2019,1270.050049,1312,1268,1304.099976,9718840
3/12/2019,1316.900024,1334,1314.25,1331.349976,11228736
3/13/2019,1337,1360,1328.099976,1347.300049,11236048
3/14/2019,1349.75,1362,1336.099976,1341.550049,10402048
3/15/2019,1345,1358.800049,1311.199951,1321.650024,15893093
3/18/2019,1331,1357.949951,1329,1350.050049,10105234
3/19/2019,1360,1380,1343.099976,1376.550049,9805318
3/20/2019,1377.800049,1388,1364,1375.449951,9892823
3/22/2019,1372.5,1380.900024,1336.699951,1341.75,11465112
3/25/2019,1330.599976,1336.849976,1316.699951,1324.449951,7951992
3/26/2019,1330.300049,1371.599976,1330,1367.25,9479288
3/27/2019,1377.949951,1377.949951,1344.25,1349.25,10094174
3/28/2019,1350.25,1369.800049,1342.800049,1360,10482938
4/1/2019,1370,1406.800049,1362.550049,1391.849976,10098281
4/2/2019,1398,1403.099976,1380.099976,1389.699951,8012636
4/3/2019,1392.75,1403,1372,1375.199951,7849461
4/4/2019,1379,1383.699951,1347.25,1353.050049,8375674
4/5/2019,1360.949951,1363.900024,1343,1353.900024,6728239
4/8/2019,1356,1357.5,1323.699951,1329.25,8723577
4/9/2019,1328.900024,1340.699951,1321,1334.449951,9497621
4/10/2019,1337.949951,1348,1326.5,1331.400024,7612711
4/11/2019,1332.949951,1353,1329,1346.800049,5741333
4/12/2019,1350,1356.900024,1336.650024,1343.099976,5919742
4/15/2019,1345,1348.949951,1335,1340.150024,4245127
4/16/2019,1345,1360,1340,1343.75,7936553
4/18/2019,1375,1389.75,1365,1385.949951,17960482
4/22/2019,1360,1367,1341.300049,1345.349976,10792748
4/23/2019,1348,1373,1346,1363.849976,9055300
4/24/2019,1370.300049,1394.800049,1366.25,1389.5,7360887
4/25/2019,1389.099976,1412.400024,1362.599976,1372.400024,13929820
4/26/2019,1375,1395.949951,1370.699951,1392.800049,6889444
4/30/2019,1396.400024,1396.400024,1366.800049,1392.800049,10217019
5/2/2019,1392,1413.900024,1382.099976,1405.050049,8682505
5/3/2019,1407.949951,1417.5,1402.650024,1408.849976,6510169
5/6/2019,1398,1402.800049,1378.099976,1384.900024,7237910
5/7/2019,1394.800049,1395,1340.199951,1343.5,8876945
5/8/2019,1340,1340,1292.199951,1299.449951,14610543
5/9/2019,1288.800049,1288.800049,1251.75,1256.449951,19507368
5/10/2019,1265,1277.699951,1245,1251.150024,11226831
5/13/2019,1247.900024,1260.800049,1227.5,1232.050049,8047801
5/14/2019,1236.5,1269.349976,1231.5,1260.449951,13001004
5/15/2019,1273,1278,1250.599976,1256.900024,11163801
5/16/2019,1259.949951,1271.900024,1258.099976,1265.349976,6606652
5/17/2019,1267,1276.949951,1252,1267.400024,7898440
5/20/2019,1313.599976,1337.699951,1303.5,1325.900024,12333937
5/21/2019,1332.199951,1367,1330.050049,1339.800049,13872055
5/22/2019,1345.650024,1359.699951,1335.099976,1340.400024,11287400
5/23/2019,1372,1392,1325,1333.900024,17722514
5/24/2019,1348,1353.800049,1316.5,1336.849976,10180759
5/27/2019,1337.099976,1337.5,1307,1310.650024,7349720
5/28/2019,1319.800049,1334.800049,1313.349976,1323.75,19472659
5/29/2019,1321,1333.300049,1304.150024,1313.050049,7112830
5/30/2019,1316.25,1342,1316.25,1329.75,10740841
5/31/2019,1337.900024,1341.900024,1320.199951,1330.150024,11760178
6/3/2019,1335,1367.25,1321.199951,1360.199951,8483610
6/4/2019,1357.449951,1374.25,1348.099976,1351.650024,7059911
6/6/2019,1361.900024,1361.900024,1321.099976,1327.349976,7664319
6/7/2019,1325.949951,1327.25,1305.599976,1314.900024,6730595
6/10/2019,1320.900024,1327,1310.099976,1319.150024,5380148
6/11/2019,1321.849976,1334.5,1318,1329.150024,5253790
6/12/2019,1334.699951,1338.400024,1325,1332.150024,4707716
6/13/2019,1330,1334.699951,1308.650024,1327.25,7171189
6/14/2019,1321.900024,1325,1309.400024,1317.550049,6831331
6/17/2019,1320,1320,1278.5,1282.300049,6815554
6/18/2019,1278.900024,1287.949951,1269.099976,1281,7679193
6/19/2019,1286.900024,1302,1262.599976,1277.349976,6625604
6/20/2019,1280,1300,1278,1296.75,4914012
6/21/2019,1295.949951,1296,1275.550049,1279.5,10623098
6/24/2019,1272.150024,1276.449951,1257.099976,1262.400024,5150998
6/25/2019,1258.900024,1298,1254.25,1295.849976,6842363
6/26/2019,1291,1304.599976,1286.349976,1294.150024,5299942
6/27/2019,1293.150024,1296.900024,1271,1274.150024,11385972
6/28/2019,1277.099976,1282.849976,1248.650024,1253.099976,8659721
7/1/2019,1258.050049,1272.650024,1246.449951,1268.849976,6162080
7/2/2019,1273.949951,1281,1263.300049,1278.5,4638751
7/3/2019,1282.900024,1286.5,1275.050049,1282.550049,4026032
7/4/2019,1281.400024,1291,1280,1284,4275148
7/5/2019,1285.099976,1290.5,1260,1263.349976,4995344
7/8/2019,1258,1268.099976,1248.199951,1252.050049,6404544
7/9/2019,1248.949951,1283.5,1245.5,1280.099976,8016757
7/10/2019,1280.050049,1289.349976,1268.699951,1278.849976,5494315
7/11/2019,1287,1289.800049,1279.300049,1281.550049,3935460
7/12/2019,1283,1300,1278.050049,1280.5,7174054
7/15/2019,1285,1289.5,1270.349976,1276.099976,4873164
7/16/2019,1279.949951,1294.900024,1277.050049,1293,4604019
7/17/2019,1294.300049,1297,1280,1281.849976,4334958
7/18/2019,1282,1286.400024,1258,1261.849976,5459896
7/19/2019,1268.199951,1272.949951,1242.699951,1249,7468515
7/22/2019,1251,1284.5,1227.300049,1280.5,13300153
7/23/2019,1285,1293.900024,1260.400024,1273.550049,9287951
7/24/2019,1273.5,1278.800049,1253.550049,1259.099976,6943982
7/25/2019,1264,1269.050049,1227,1231.5,9968545
7/26/2019,1231.5,1242.5,1210,1213.800049,9320481
7/29/2019,1216.900024,1222,1205.099976,1210.949951,8058035
7/30/2019,1213.949951,1220,1175.949951,1180.900024,9533344
7/31/2019,1175.75,1185,1162.400024,1166.25,9705619
8/1/2019,1163.400024,1188.199951,1150.349976,1180.25,10344862
8/2/2019,1175.699951,1198.25,1162.099976,1184.349976,10865385
8/5/2019,1167,1167,1128,1143.349976,13897461
8/6/2019,1134.75,1149.599976,1122,1128.300049,13288909
8/7/2019,1126.5,1138.550049,1103.099976,1109.400024,11588879
8/8/2019,1108.349976,1158,1095.300049,1152.349976,14262936
8/9/2019,1161.849976,1175.5,1152.300049,1162.099976,10043949
8/13/2019,1233.150024,1302.800049,1226,1274.75,47923444
8/14/2019,1304,1304.449951,1280.349976,1288.25,14487137
8/16/2019,1291.199951,1291.800049,1273,1278,10047496
8/19/2019,1281.050049,1296.800049,1280,1292.599976,7459859
8/20/2019,1289.800049,1292.599976,1272.599976,1275.949951,6843460
8/21/2019,1275.650024,1278.650024,1266.5,1270.949951,4881553
8/22/2019,1270.949951,1271,1238.900024,1246.75,6414937
8/23/2019,1239,1284,1226.5,1275.849976,9741262
8/26/2019,1294,1294,1259,1266.800049,8778739
8/27/2019,1285,1285,1261.199951,1274.849976,12984396
8/28/2019,1273.75,1281,1256.050049,1263.300049,5305639
8/29/2019,1256.449951,1260.25,1235.300049,1241.75,8635974
8/30/2019,1245.5,1254.400024,1221,1248.550049,11308120
9/3/2019,1242.25,1243,1200,1206.400024,8563009
9/4/2019,1200.550049,1205.25,1186.050049,1201.150024,15063355
9/5/2019,1206.800049,1213.199951,1193.300049,1198.599976,10512763
9/6/2019,1203,1229,1195.25,1222.5,10600234
9/9/2019,1220.650024,1233,1213.150024,1222.199951,5370758
9/11/2019,1222.5,1240,1222.5,1234.400024,5544468
9/12/2019,1235,1240.449951,1205.699951,1210.349976,5431139
9/13/2019,1212,1228.5,1206.900024,1225.599976,5919260
9/16/2019,1189,1219.099976,1186.099976,1210.75,9393731
9/17/2019,1211,1211,1193.5,1197.449951,7150435
9/18/2019,1204.949951,1216.300049,1197.199951,1205.699951,6827281
9/19/2019,1207.849976,1209.699951,1172.650024,1179.050049,6293454
9/20/2019,1187.949951,1269.900024,1174.300049,1254.349976,22019674
9/23/2019,1274.150024,1281,1235,1239.199951,9879751
9/24/2019,1243.599976,1298.800049,1242.75,1278.699951,15982067
9/25/2019,1284,1295,1268.849976,1279.550049,8316894
9/26/2019,1292,1298.800049,1283.5,1296.800049,8389212
9/27/2019,1292.5,1315,1284,1309.050049,8712980
9/30/2019,1310,1335.75,1305.550049,1332.25,11549746
10/1/2019,1337,1342,1293.300049,1304.900024,8192597
10/3/2019,1286,1314.699951,1281.300049,1311.050049,6183107
10/4/2019,1319.900024,1328.599976,1303.849976,1308.099976,6853954
10/7/2019,1308.099976,1320.800049,1301.699951,1310.099976,4599818
10/9/2019,1308.699951,1329.949951,1292.5,1324.75,8040938
10/10/2019,1325,1369,1321,1362.75,16003744
10/11/2019,1363.699951,1365.599976,1336.550049,1352.599976,7587648
10/14/2019,1364.949951,1364.949951,1350.849976,1358,6123412
10/15/2019,1362.5,1370,1354.300049,1364.150024,4422075
10/16/2019,1369.900024,1379.650024,1363.699951,1372.349976,8870701
10/17/2019,1375,1399,1372,1396.5,7332464
10/18/2019,1404,1427.900024,1398.699951,1416.349976,12856410
10/22/2019,1425,1436.849976,1403.349976,1414.150024,12703054
10/23/2019,1416.300049,1425.949951,1383.150024,1392.400024,8432964
10/24/2019,1401,1441.400024,1386.550049,1436.449951,10351384
10/25/2019,1441.099976,1441.449951,1411.25,1431.199951,6190013
10/27/2019,null,null,null,null,null
10/29/2019,1445.5,1480,1442.099976,1467.050049,11780494
10/30/2019,1480,1484.550049,1460.300049,1479.099976,7470723
10/31/2019,1484,1489.650024,1461.699951,1464.349976,8898168
11/1/2019,1455,1461.800049,1441,1456.900024,6356579
11/4/2019,1465.900024,1471,1445.099976,1457.650024,6429329
11/5/2019,1463.099976,1468.949951,1441,1447.300049,5799318
11/6/2019,1442.699951,1446.449951,1428.5,1434.900024,6686289
11/7/2019,1435,1463,1432.199951,1458.599976,6438749
11/8/2019,1449,1459.650024,1441.300049,1445.5,5494844
11/11/2019,1439.099976,1444.25,1422.550049,1427.800049,5192423
11/13/2019,1430,1475.900024,1430,1472.300049,11532364
11/14/2019,1476,1481.599976,1455.800049,1462.75,6518339
11/15/2019,1465.650024,1486.800049,1463.150024,1470.849976,7173674
11/18/2019,1472.650024,1486,1455.400024,1459.199951,6435097
11/19/2019,1467,1514.900024,1465,1509.75,13795569
11/20/2019,1555.050049,1572.400024,1543.199951,1547.650024,19904164
11/21/2019,1545,1556,1528.550049,1537.599976,6810577
11/22/2019,1542.099976,1569.5,1537.599976,1546.5,10218978
11/25/2019,1551.150024,1564.800049,1551,1561.550049,6924313
11/26/2019,1568.099976,1576.349976,1556,1560.25,16152137
11/27/2019,1559.949951,1575.5,1556.099976,1569.849976,4408336
11/28/2019,1572.650024,1584.150024,1563.949951,1580.300049,6284885
11/29/2019,1581.949951,1581.949951,1547.849976,1551.150024,8484822
12/2/2019,1600,1614.449951,1577,1586.5,14275186
12/3/2019,1592.75,1594,1572.599976,1578.900024,5938786
12/4/2019,1573,1577.5,1533.75,1552.699951,9594828
12/5/2019,1574,1579.75,1544,1550.849976,9117022
12/6/2019,1553,1568,1541.099976,1554.900024,5982129
12/9/2019,1556.150024,1577.400024,1546.5,1572.599976,5779807
12/10/2019,1572.050049,1573.599976,1554.150024,1561.949951,4650906
12/11/2019,1555.599976,1574.5,1550.599976,1562.400024,5652698
12/12/2019,1570.25,1573.849976,1556.650024,1568.199951,4720977
12/13/2019,1580,1590,1572.400024,1582.900024,5791522
12/16/2019,1592,1593.900024,1564.349976,1566.599976,5436951
12/17/2019,1566.75,1579,1555.550049,1562.699951,9291724
12/18/2019,1563,1580,1562,1575.849976,6739582
12/19/2019,1573.699951,1614.900024,1571.800049,1609.949951,9375484
12/20/2019,1615,1617.550049,1596.099976,1599.099976,9724619
12/23/2019,1560.099976,1577.550049,1557.800049,1571.400024,11478429
12/24/2019,1568.900024,1572.050049,1542.5,1546.449951,8251144
12/26/2019,1541.650024,1552.949951,1510.150024,1515.400024,13605737
12/27/2019,1527,1546.199951,1521.300049,1542.349976,8081591
12/30/2019,1545.949951,1547.650024,1528.050049,1544.199951,7828402
12/31/2019,1542,1543.699951,1508.050049,1514.050049,10150467
1/1/2020,1518,1527.099976,1505.5,1509.599976,6402372
